catalog_number,item_name,item_type,price,color,image_url,link
BC-SO-001,Aarhus 3-seater sofa,sofas,"$4,899.00","Beige, Yellow, Brown, Green, White, Red, Blue, Dark Gray, Gray, Black",BoConcept_catalog/sofas/Aarhus_3_seater_sofa.jpg,https://www.boconcept.com/en-us/p/aarhus/4823001-9:482leg0708-14:3310/
BC-SO-002,"Aarhus 2,5-seater sofa",sofas,"$4,399.00","Beige, Yellow, Brown, Green, White, Red, Blue, Dark Gray, Gray, Black",BoConcept_catalog/sofas/Aarhus_25_seater_sofa.jpg,https://www.boconcept.com/en-us/p/aarhus/4822501-9:482leg0708-14:3310/
BC-SO-003,Aarhus pouf,sofas,"$1,699.00","Beige, Yellow, Brown, Green, White, Red, Blue, Dark Gray, Gray, Black",BoConcept_catalog/sofas/Aarhus_pouf.jpg,https://www.boconcept.com/en-us/p/aarhus/4820100-9:482leg0708-14:3310/
BC-SO-004,Milano corner sofa,sofas,"$18,390.00","Beige, Yellow, Brown, Green, White, Red, Blue, Dark Gray, Gray, Black",BoConcept_catalog/sofas/Milano_corner_sofa.jpg,https://www.boconcept.com/en-us/p/milano/480ah00-14:3331-21:5/
BC-SO-005,"Modena 2,5 seater",sofas,"$3,099.00","Beige, Yellow, Brown, Green, White, Red, Blue, Dark Gray, Gray, Black",BoConcept_catalog/sofas/Modena_25_seater.jpg,https://www.boconcept.com/en-us/p/modena/4392501-9:0075-14:3091/
BC-SO-006,Indivi 2-seater sofa,sofas,$999.00,"Beige, Yellow, Brown, Green, White, Red, Blue, Dark Gray, Gray, Black",BoConcept_catalog/sofas/Indivi_2_seater_sofa.jpg,https://www.boconcept.com/en-us/p/indivi/422ab00-10:422_sofaleg_high_0708-14:3233/
BC-SO-007,Bellagio 3-seater sofa,sofas,"$5,459.00","Beige, Yellow, Brown, Green, White, Red, Blue, Dark Gray",BoConcept_catalog/sofas/Bellagio_3_seater_sofa.jpg,https://www.boconcept.com/en-us/p/bellagio/4493001-10:416_sofaleg_1-14:3090/
BC-SO-008,Osaka sofa,sofas,"$3,079.00","Beige, Yellow, Brown, Green, White, Red, Blue, Dark Gray, Gray, Black",BoConcept_catalog/sofas/Osaka_sofa.jpg,https://www.boconcept.com/en-us/p/osaka/433cd22-10:40104220_2-14:3164/
BC-SO-009,"Bellagio 2,5 seater",sofas,"$2,739.00","Beige, Yellow, Brown, Green, White, Red, Blue, Dark Gray",BoConcept_catalog/sofas/Bellagio_25_seater.jpg,https://www.boconcept.com/en-us/p/bellagio/4492001-10:416_sofaleg_1-14:2110/
BC-SO-010,Bellagio pouf,sofas,"$1,749.00","Beige, Yellow, Brown, Green, White, Red, Blue, Dark Gray",BoConcept_catalog/sofas/Bellagio_pouf.jpg,https://www.boconcept.com/en-us/p/bellagio/4490100-10:416_sofaleg_1-14:3091/
BC-SO-011,Aarhus sofa with chaise longue right,sofas,"$8,249.00","Beige, Yellow, Brown, Green, White, Red, Blue, Dark Gray, Gray, Black",BoConcept_catalog/sofas/Aarhus_sofa_with_chaise_longue_right.jpg,https://www.boconcept.com/en-us/p/aarhus/482aa00-9:482leg0708-14:2063-21:5/
BC-SO-012,Amsterdam corner sofa with lounging unit,sofas,"$8,499.00","Beige, Yellow, Brown, Green, White, Red, Blue, Dark Gray, Gray, Black",BoConcept_catalog/sofas/Amsterdam_corner_sofa_with_lounging_unit.jpg,https://www.boconcept.com/en-us/p/amsterdam/435ba00-10:435_sofalegs_2-14:3032-21:4/
BC-SO-013,Carmo 3-seater sofa,sofas,"$4,599.00","Beige, Yellow, Brown, Green, White, Red, Blue, Dark Gray, Gray, Black",BoConcept_catalog/sofas/Carmo_3_seater_sofa.jpg,https://www.boconcept.com/en-us/p/carmo/4123001-10:416_sofaleg_1-14:2063/
BC-SO-014,"Amsterdam Iounging module for sofa, armrest left, open end right",sofas,"$4,349.00","Beige, Yellow, Brown, Green, White, Red, Blue, Dark Gray, Gray, Black",BoConcept_catalog/sofas/Amsterdam_Iounging_module_for_sofa_armrest_left_open_end_right.jpg,https://www.boconcept.com/en-us/p/amsterdam/4358100-10:435_sofalegs_2-14:3032-21:5/
BC-SO-015,Indivi sofa with chaise longue left,sofas,"$3,899.00","Beige, Yellow, Brown, Green, White, Red, Blue, Dark Gray, Gray, Black",BoConcept_catalog/sofas/Indivi_sofa_with_chaise_longue_left.jpg,https://www.boconcept.com/en-us/p/indivi/422ag00-10:422_sofaleg_high_0708-14:2063-21:4/
BC-SO-016,"Bergamo sofa with round lounging unit,right",sofas,"$9,849.00","Beige, Yellow, Brown, Green, White, Red, Blue, Dark Gray, Gray, Black",BoConcept_catalog/sofas/Bergamo_sofa_with_round_lounging_unitright.jpg,https://www.boconcept.com/en-us/p/bergamo/443ap00-14:2063-21:5/
BC-SO-017,Bolzano 2.5-seater,sofas,"$4,349.00","Beige, Yellow, Brown, Green, White, Red, Blue, Dark Gray",BoConcept_catalog/sofas/Bolzano_25_seater.jpg,https://www.boconcept.com/en-us/p/bolzano/4462501-14:3096/
BC-SO-018,Salamanca corner sofa,sofas,"$10,890.00","Beige, Yellow, Brown, Green, White, Red, Blue, Dark Gray, Gray, Black",BoConcept_catalog/sofas/Salamanca_corner_sofa.jpg,https://www.boconcept.com/en-us/p/salamanca/448aj00-10:448_sofaleg_0075-14:3202-21:4/
BC-SO-019,Modena 3 seater,sofas,"$3,399.00","Beige, Yellow, Brown, Green, White, Red, Blue, Dark Gray, Gray, Black",BoConcept_catalog/sofas/Modena_3_seater.jpg,https://www.boconcept.com/en-us/p/modena/4393001-9:0075-14:3091/
BC-SO-020,Carmo corner sofa,sofas,"$7,899.00","Beige, Yellow, Brown, Green, White, Red, Blue, Dark Gray, Gray, Black",BoConcept_catalog/sofas/Carmo_corner_sofa.jpg,https://www.boconcept.com/en-us/p/carmo/412aj00-10:416_sofaleg_1-14:3165-21:4/
BC-SO-021,Taylor sofa sleeper,sofas,"$6,699.00","Beige, Yellow, Brown, Green, White, Red, Blue, Dark Gray, Gray, Black",BoConcept_catalog/sofas/Taylor_sofa_sleeper.jpg,https://www.boconcept.com/en-us/p/taylor/4990390-14:3142/
BC-SO-022,"Osaka sofa, tufted seat",sofas,"$4,099.00","Beige, Yellow, Brown, Green, White, Red, Blue, Dark Gray, Gray, Black",BoConcept_catalog/sofas/Osaka_sofa_tufted_seat.jpg,https://www.boconcept.com/en-us/p/osaka/433ad29-10:40104290_1-14:2257/
BC-SO-023,Modena corner sofa with lounging unit,sofas,"$6,759.00","Beige, Yellow, Brown, Green, White, Red, Blue, Dark Gray, Gray, Black",BoConcept_catalog/sofas/Modena_corner_sofa_with_lounging_unit.jpg,https://www.boconcept.com/en-us/p/modena/439ae00-9:0075-14:3091-21:4/
BC-SO-024,Taylor sofa sleeper,sofas,"$7,849.00","Beige, Yellow, Brown, Green, White, Red, Blue, Dark Gray, Gray, Black",BoConcept_catalog/sofas/Taylor_sofa_sleeper.jpg,https://www.boconcept.com/en-us/p/taylor/4990480-14:3143/
BC-SO-024,Modena 2 seater,sofas,"$2,649.00","Beige, Yellow, Brown, Green, White, Red, Blue, Dark Gray, Gray, Black",BoConcept_catalog/sofas/Modena_2_seater.jpg,https://www.boconcept.com/en-us/p/modena/4392001-9:0075-14:3091/
BC-SO-025,Modena sofa with resting unit,sofas,"$4,999.00","Beige, Yellow, Brown, Green, White, Red, Blue, Dark Gray, Gray, Black",BoConcept_catalog/sofas/Modena_sofa_with_resting_unit.jpg,https://www.boconcept.com/en-us/p/modena/439aa00-9:0075-14:3094-21:4/
BC-SO-026,Indivi corner sofa right,sofas,"$5,129.00","Beige, Yellow, Brown, Green, White, Red, Blue, Dark Gray, Gray, Black",BoConcept_catalog/sofas/Indivi_corner_sofa_right.jpg,https://www.boconcept.com/en-us/p/indivi/422ar20-10:422_sofaleg_low_0075-14:3160-21:5/
BC-SO-027,Indivi corner sofa left,sofas,"$5,869.00","Beige, Yellow, Brown, Green, White, Red, Blue, Dark Gray, Gray, Black",BoConcept_catalog/sofas/Indivi_corner_sofa_left.jpg,https://www.boconcept.com/en-us/p/indivi/422ao00-10:422_sofaleg_high_0708-14:2063-21:4/
BC-SO-028,Zürich sofa with resting unit,sofas,"$7,699.00","Beige, Yellow, Brown, Green, White, Red, Blue, Dark Gray, Gray, Black",BoConcept_catalog/sofas/Zürich_sofa_with_resting_unit.jpg,https://www.boconcept.com/en-us/p/zürich/442ad00-9:0075-14:3092-21:5/
BC-SO-029,Carmo sofa with resting unit,sofas,"$7,229.00","Beige, Yellow, Brown, Green, White, Red, Blue, Dark Gray, Gray, Black",BoConcept_catalog/sofas/Carmo_sofa_with_resting_unit.jpg,https://www.boconcept.com/en-us/p/carmo/412aa00-10:416_sofaleg_1-14:2063-21:4/
BC-SO-030,"Bolzano, chaise longue sofa right",sofas,"$4,199.00","Beige, Yellow, Brown, Green, White, Red, Blue, Dark Gray, Gray, Black",BoConcept_catalog/sofas/Bolzano_chaise_longue_sofa_right.jpg,https://www.boconcept.com/en-us/p/bolzano/4468500-14:3092-21:5/
BC-SO-031,Indivi 3-seater sofa,sofas,"$2,999.00","Beige, Yellow, Brown, Green, White, Red, Blue, Dark Gray, Gray, Black",BoConcept_catalog/sofas/Indivi_3_seater_sofa.jpg,https://www.boconcept.com/en-us/p/indivi/422af00-10:422_sofaleg_high_0708-14:2063/
BC-SO-032,Berne 3 seater,sofas,"$4,299.00","Beige, Yellow, Brown, Green, White, Red, Blue, Dark Gray, Gray, Black",BoConcept_catalog/sofas/Berne_3_seater.jpg,https://www.boconcept.com/en-us/p/berne/4453001-9:0075-14:2058/
BC-SO-033,Modena sofa with lounging unit,sofas,"$4,299.00","Beige, Yellow, Brown, Green, White, Red, Blue, Dark Gray, Gray, Black",BoConcept_catalog/sofas/Modena_sofa_with_lounging_unit.jpg,https://www.boconcept.com/en-us/p/modena/439aj00-9:0075-14:3092-21:5/
BC-SO-034,Salamanca 3-seater sofa,sofas,"$8,789.00","Beige, Yellow, Brown, Green, White, Red, Blue, Dark Gray",BoConcept_catalog/sofas/Salamanca_3_seater_sofa.jpg,https://www.boconcept.com/en-us/p/salamanca/448ab00-10:448_sofaleg_0075-14:3202/
BC-SO-035,Indivi 2.5-seater sofa,sofas,"$2,699.00","Beige, Yellow, Brown, Green, White, Red, Blue, Dark Gray, Gray, Black",BoConcept_catalog/sofas/Indivi_25_seater_sofa.jpg,https://www.boconcept.com/en-us/p/indivi/422ac00-10:422_sofaleg_high_0708-14:2063/
BC-SO-036,Salamanca 3-seater lounge sofa,sofas,"$9,889.00","Beige, Yellow, Brown, Green, White, Red, Blue, Dark Gray, Gray, Black",BoConcept_catalog/sofas/Salamanca_3_seater_lounge_sofa.jpg,https://www.boconcept.com/en-us/p/salamanca/448an00-10:448_sofaleg_0075-14:3097-21:4/
BC-SO-037,Hampton corner sofa with adjustable back and storage on right side,sofas,"$11,490.00","Beige, Yellow, Brown, Green, White, Red, Blue, Dark Gray, Gray, Black",BoConcept_catalog/sofas/Hampton_corner_sofa_with_adjustable_back_and_storage_on_right_side.jpg,https://www.boconcept.com/en-us/p/hampton/441ak00-3:5-10:441_sofaleg_1-14:2255-21:4/
BC-SO-038,Zürich 3 seater,sofas,"$4,699.00","Beige, Yellow, Brown, Green, White, Red, Blue, Dark Gray, Gray, Black",BoConcept_catalog/sofas/Zürich_3_seater.jpg,https://www.boconcept.com/en-us/p/zürich/4423001-9:0075-14:3254/
BC-SO-039,Carmo 2.5-seater sofa,sofas,"$4,259.00","Beige, Yellow, Brown, Green, White, Red, Blue, Dark Gray, Gray, Black",BoConcept_catalog/sofas/Carmo_25_seater_sofa.jpg,https://www.boconcept.com/en-us/p/carmo/4122501-10:416_sofaleg_1-14:2063/
BC-SO-040,Bergamo corner sofa with lounging unit,sofas,"$11,490.00","Beige, Yellow, Brown, Green, White, Red, Blue, Dark Gray, Gray, Black",BoConcept_catalog/sofas/Bergamo_corner_sofa_with_lounging_unit.jpg,https://www.boconcept.com/en-us/p/bergamo/443an00-14:3090-21:5/
BC-SO-041,Southampton sofa sleeper,sofas,"$14,790.00","Beige, Yellow, Brown, Green, White, Red, Blue, Dark Gray, Gray, Black",BoConcept_catalog/sofas/Southampton_sofa_sleeper.jpg,https://www.boconcept.com/en-us/p/southampton/499ab00-14:2063/
BC-SO-042,"Hampton sofa with adjustable back and resting unit left side, storage right side",sofas,"$10,790.00","Beige, Yellow, Brown, Green, White, Red, Blue, Dark Gray, Gray, Black",BoConcept_catalog/sofas/Hampton_sofa_with_adjustable_back_and_resting_unit_left_side_storage_right_side.jpg,https://www.boconcept.com/en-us/p/hampton/441bb00-3:5-10:441_sofaleg_1-14:2255-17:6-21:4/
BC-SO-043,Southampton sofa sleeper,sofas,"$8,899.00","Beige, Yellow, Brown, Green, White, Red, Blue, Dark Gray, Gray, Black",BoConcept_catalog/sofas/Southampton_sofa_sleeper.jpg,https://www.boconcept.com/en-us/p/southampton/4990520-14:2063/
BC-SO-044,Indivi 2.5-seater sofa,sofas,"$2,699.00","Beige, Yellow, Brown, Green, White, Red, Blue, Dark Gray, Gray, Black",BoConcept_catalog/sofas/Indivi_25_seater_sofa.jpg,https://www.boconcept.com/en-us/p/indivi/422ad00-10:422_sofaleg_high_0708-14:2063/
BC-SO-045,Amsterdam sofa,sofas,"$5,649.00","Beige, Yellow, Brown, Green, White, Red, Blue, Dark Gray, Gray, Black",BoConcept_catalog/sofas/Amsterdam_sofa.jpg,https://www.boconcept.com/en-us/p/amsterdam/4353001-10:435_sofalegs_2-14:3030/
BC-SO-046,Modena corner sofa,sofas,"$6,289.00","Beige, Yellow, Brown, Green, White, Red, Blue, Dark Gray, Gray, Black",BoConcept_catalog/sofas/Modena_corner_sofa.jpg,https://www.boconcept.com/en-us/p/modena/439ag00-9:0075-14:3031-21:4/
BC-SO-047,"Amsterdam resting module for sofa, armrest left, open end right",sofas,"$4,449.00","Beige, Yellow, Brown, Green, White, Red, Blue, Dark Gray, Gray, Black",BoConcept_catalog/sofas/Amsterdam_resting_module_for_sofa_armrest_left_open_end_right.jpg,https://www.boconcept.com/en-us/p/amsterdam/4358000-10:435_sofalegs_2-14:3032-21:5/
BC-SO-048,Indivi 3-seater sofa,sofas,"$2,999.00","Beige, Yellow, Brown, Green, White, Red, Blue, Dark Gray, Gray, Black",BoConcept_catalog/sofas/Indivi_3_seater_sofa.jpg,https://www.boconcept.com/en-us/p/indivi/422ae00-10:422_sofaleg_high_0708-14:2063/
BC-SO-049,Hampton sofa with adjustable back and storage on the right side,sofas,"$4,759.00","Beige, Yellow, Brown, Green, White, Red, Blue, Dark Gray, Gray, Black",BoConcept_catalog/sofas/Hampton_sofa_with_adjustable_back_and_storage_on_the_right_side.jpg,https://www.boconcept.com/en-us/p/hampton/4413011-3:5-10:441_sofaleg_1-14:3063/
BC-SO-050,Modena pouf,sofas,"$1,249.00","Beige, Yellow, Brown, Green, White, Red, Blue, Dark Gray, Gray, Black",BoConcept_catalog/sofas/Modena_pouf.jpg,https://www.boconcept.com/en-us/p/modena/4390100-9:0075-14:3091/
BC-SO-051,Bergamo 3 seater,sofas,"$4,549.00","Beige, Yellow, Brown, Green, White, Red, Blue, Dark Gray, Gray, Black",BoConcept_catalog/sofas/Bergamo_3_seater.jpg,https://www.boconcept.com/en-us/p/bergamo/4433001-14:3063/
BC-SO-052,Salamanca 2 seater with 2 arms,sofas,"$5,899.00","Beige, Yellow, Brown, Green, White, Red, Blue, Dark Gray",BoConcept_catalog/sofas/Salamanca_2_seater_with_2_arms.jpg,https://www.boconcept.com/en-us/p/salamanca/4482001-10:448_sofaleg_0075-14:3202/
BC-SO-053,"Osaka corner sofa with lounging unit, tufted seat",sofas,"$5,729.00","Beige, Yellow, Brown, Green, White, Red, Blue, Dark Gray, Gray, Black",BoConcept_catalog/sofas/Osaka_corner_sofa_with_lounging_unit_tufted_seat.jpg,https://www.boconcept.com/en-us/p/osaka/433ci22-10:40104220_2-14:3164-21:5/
BC-SO-054,"Salamanca 2 seater, left arm",sofas,"$5,449.00","Beige, Yellow, Brown, Green, White, Red, Blue, Dark Gray, Gray, Black",BoConcept_catalog/sofas/Salamanca_2_seater_left_arm.jpg,https://www.boconcept.com/en-us/p/salamanca/4482002-10:448_sofaleg_0075-14:3201-21:4/
BC-SO-055,Carmo sofa with lounging units,sofas,"$5,899.00","Beige, Yellow, Brown, Green, White, Red, Blue, Dark Gray, Gray, Black",BoConcept_catalog/sofas/Carmo_sofa_with_lounging_units.jpg,https://www.boconcept.com/en-us/p/carmo/412ae00-10:416_sofaleg_1-14:2063-21:4/
BC-SO-056,Southampton sofa sleeper,sofas,"$10,390.00","Beige, Yellow, Brown, Green, White, Red, Blue, Dark Gray, Gray, Black",BoConcept_catalog/sofas/Southampton_sofa_sleeper.jpg,https://www.boconcept.com/en-us/p/southampton/4990530-14:2063/
BC-SO-057,Milano sofa with chaise longue right,sofas,"$13,590.00","Beige, Yellow, Brown, Green, White, Red, Blue, Dark Gray, Gray, Black",BoConcept_catalog/sofas/Milano_sofa_with_chaise_longue_right.jpg,https://www.boconcept.com/en-us/p/milano/480ab00-14:3331-21:5/
BC-SO-058,Milano 3-seater sofa,sofas,"$7,349.00","Beige, Yellow, Brown, Green, White, Red, Blue, Dark Gray, Gray, Black",BoConcept_catalog/sofas/Milano_3_seater_sofa.jpg,https://www.boconcept.com/en-us/p/milano/4803001-14:3331/
BC-SO-059,Southampton sofa sleeper,sofas,"$13,290.00","Beige, Yellow, Brown, Green, White, Red, Blue, Dark Gray, Gray, Black",BoConcept_catalog/sofas/Southampton_sofa_sleeper.jpg,https://www.boconcept.com/en-us/p/southampton/499aa00-14:2063/
BC-SO-060,Bergamo 5 seater,sofas,"$10,490.00","Beige, Yellow, Brown, Green, White, Red, Blue, Dark Gray, Gray, Black",BoConcept_catalog/sofas/Bergamo_5_seater.jpg,https://www.boconcept.com/en-us/p/bergamo/443ae00-14:2250/
BC-SO-061,Salamanca 4-seater lounge sofa,sofas,"$10,890.00","Beige, Yellow, Brown, Green, White, Red, Blue, Dark Gray, Gray, Black",BoConcept_catalog/sofas/Salamanca_4_seater_lounge_sofa.jpg,https://www.boconcept.com/en-us/p/salamanca/448al00-10:448_sofaleg_0075-14:3201-21:4/
BC-SO-062,Carlton corner sofa,sofas,"$14,690.00","Beige, Yellow, Brown, Green, White, Red, Blue, Dark Gray, Gray, Black",BoConcept_catalog/sofas/Carlton_corner_sofa.jpg,https://www.boconcept.com/en-us/p/carlton/417af42-10:40104200_1-14:2257-21:5/
BC-SO-063,Carlton corner sofa with resting unit,sofas,"$17,590.00","Beige, Yellow, Brown, Green, White, Red, Blue, Dark Gray, Gray, Black",BoConcept_catalog/sofas/Carlton_corner_sofa_with_resting_unit.jpg,https://www.boconcept.com/en-us/p/carlton/417ag42-10:40104200_1-14:2250-21:4/
BC-SO-064,Amsterdam ottoman,sofas,"$1,699.00","Beige, Yellow, Brown, Green, White, Red, Blue, Dark Gray, Gray, Black",BoConcept_catalog/sofas/Amsterdam_ottoman.jpg,https://www.boconcept.com/en-us/p/amsterdam/4350100-10:435_sofalegs_2-14:2063/
BC-SO-065,Salamanca sofa with resting unit,sofas,"$9,889.00","Beige, Yellow, Brown, Green, White, Red, Blue, Dark Gray",BoConcept_catalog/sofas/Salamanca_sofa_with_resting_unit.jpg,https://www.boconcept.com/en-us/p/salamanca/448ap00-10:448_sofaleg_0075-14:2063/
BC-SO-066,"Osaka sofa with resting unit, tufted seat",sofas,"$4,699.00","Beige, Yellow, Brown, Green, White, Red, Blue, Dark Gray, Gray, Black",BoConcept_catalog/sofas/Osaka_sofa_with_resting_unit_tufted_seat.jpg,https://www.boconcept.com/en-us/p/osaka/433ce22-10:40104220_3-14:3145-21:4/
BC-SO-067,Bergamo 2.5-seater lounge sofa,sofas,"$9,829.00","Beige, Yellow, Brown, Green, White, Red, Blue, Dark Gray, Gray, Black",BoConcept_catalog/sofas/Bergamo_25_seater_lounge_sofa.jpg,https://www.boconcept.com/en-us/p/bergamo/443be00-14:2250-21:5/
BC-SO-068,"Bergamo 2,5 seater",sofas,"$5,599.00","Beige, Yellow, Brown, Green, White, Red, Blue, Dark Gray, Gray, Black",BoConcept_catalog/sofas/Bergamo_25_seater.jpg,https://www.boconcept.com/en-us/p/bergamo/4432501-14:2250/
BC-SO-069,Bergamo sofa with resting unit,sofas,"$9,889.00","Beige, Yellow, Brown, Green, White, Red, Blue, Dark Gray, Gray, Black",BoConcept_catalog/sofas/Bergamo_sofa_with_resting_unit.jpg,https://www.boconcept.com/en-us/p/bergamo/443aa00-14:2063-21:5/
BC-SO-070,Bergamo 3-seater lounge sofa with storage,sofas,"$8,229.00","Beige, Yellow, Brown, Green, White, Red, Blue, Dark Gray, Gray, Black",BoConcept_catalog/sofas/Bergamo_3_seater_lounge_sofa_with_storage.jpg,https://www.boconcept.com/en-us/p/bergamo/443bc00-14:3200-21:4/
BC-SO-071,"Osaka corner sofa with lounging unit, tufted seat",sofas,"$6,679.00","Beige, Yellow, Brown, Green, White, Red, Blue, Dark Gray, Gray, Black",BoConcept_catalog/sofas/Osaka_corner_sofa_with_lounging_unit_tufted_seat.jpg,https://www.boconcept.com/en-us/p/osaka/433ai22-10:40104220_2-14:2274-21:5/
BC-SO-072,Amsterdam sofa with pouf on right side,sofas,"$6,249.00","Beige, Yellow, Brown, Green, White, Red, Blue, Dark Gray, Gray, Black",BoConcept_catalog/sofas/Amsterdam_sofa_with_pouf_on_right_side.jpg,https://www.boconcept.com/en-us/p/amsterdam/435aq00-10:435_sofalegs_2-14:2063-21:5/
BC-SO-073,Bergamo corner sofa with lounging unit and pouf w/storage,sofas,"$13,690.00","Beige, Yellow, Brown, Green, White, Red, Blue, Dark Gray, Gray, Black",BoConcept_catalog/sofas/Bergamo_corner_sofa_with_lounging_unit_and_pouf_wstorage.jpg,https://www.boconcept.com/en-us/p/bergamo/443al00-4:0702-14:2250-21:5/
BC-SO-074,Hampton sofa with adjustable back,sofas,"$4,669.00","Beige, Yellow, Brown, Green, White, Red, Blue, Dark Gray, Gray, Black",BoConcept_catalog/sofas/Hampton_sofa_with_adjustable_back.jpg,https://www.boconcept.com/en-us/p/hampton/4413001-10:441_sofaleg_1-14:3063/
BC-SO-075,"Osaka sofa with resting unit, tufted seat",sofas,"$4,229.00","Beige, Yellow, Brown, Green, White, Red, Blue, Dark Gray, Gray, Black",BoConcept_catalog/sofas/Osaka_sofa_with_resting_unit_tufted_seat.jpg,https://www.boconcept.com/en-us/p/osaka/433cv22-10:40104220_2-14:2063-21:4/
BC-SO-076,Hampton pouf,sofas,"$2,499.00","Beige, Yellow, Brown, Green, White, Red, Blue, Dark Gray, Gray, Black",BoConcept_catalog/sofas/Hampton_pouf.jpg,https://www.boconcept.com/en-us/p/hampton/4410100-9:0165-14:2257/
BC-SO-077,"Zürich 2,5 seater",sofas,"$4,649.00","Beige, Yellow, Brown, Green, White, Red, Blue, Dark Gray, Gray, Black",BoConcept_catalog/sofas/Zürich_25_seater.jpg,https://www.boconcept.com/en-us/p/zürich/4422501-9:0075-14:3092/
BC-SO-078,Hampton pouf on wheels with storage left and right sides,sofas,"$2,569.00","Beige, Yellow, Brown, Green, White, Red, Blue, Dark Gray, Gray, Black",BoConcept_catalog/sofas/Hampton_pouf_on_wheels_with_storage_left_and_right_sides.jpg,https://www.boconcept.com/en-us/p/hampton/4410210-9:0137-14:2255/
BC-SO-079,Carmo sofa with lounging units,sofas,"$10,390.00","Beige, Yellow, Brown, Green, White, Red, Blue, Dark Gray, Gray, Black",BoConcept_catalog/sofas/Carmo_sofa_with_lounging_units.jpg,https://www.boconcept.com/en-us/p/carmo/412ak00-10:416_sofaleg_1-14:2063-21:5/
BC-SO-080,"Amsterdam 2.5 seating module, armrest left",sofas,"$4,959.00","Beige, Yellow, Brown, Green, White, Red, Blue, Dark Gray, Gray, Black",BoConcept_catalog/sofas/Amsterdam_25_seating_module_armrest_left.jpg,https://www.boconcept.com/en-us/p/amsterdam/4352503-10:435_sofalegs_2-14:2250-21:4/
BC-SO-081,"Hampton sofa with adjustable back, resting unit and storage left side",sofas,"$9,829.00","Beige, Yellow, Brown, Green, White, Red, Blue, Dark Gray, Gray, Black",BoConcept_catalog/sofas/Hampton_sofa_with_adjustable_back_resting_unit_and_storage_left_side.jpg,https://www.boconcept.com/en-us/p/hampton/441be00-3:4-10:441_sofaleg_1-14:2067-21:4/
BC-SO-082,Berne 2 seater,sofas,"$3,349.00","Beige, Yellow, Brown, Green, White, Red, Blue, Dark Gray, Gray, Black",BoConcept_catalog/sofas/Berne_2_seater.jpg,https://www.boconcept.com/en-us/p/berne/4452001-9:0075-14:2058/
BC-SO-083,"Osaka sofa with resting unit, tufted seat",sofas,"$4,069.00","Beige, Yellow, Brown, Green, White, Red, Blue, Dark Gray, Gray, Black",BoConcept_catalog/sofas/Osaka_sofa_with_resting_unit_tufted_seat.jpg,https://www.boconcept.com/en-us/p/osaka/433ae22-10:40104220_2-14:3164-21:4/
BC-SO-084,"Berne 2,5 seater",sofas,"$3,869.00","Beige, Yellow, Brown, Green, White, Red, Blue, Dark Gray, Gray, Black",BoConcept_catalog/sofas/Berne_25_seater.jpg,https://www.boconcept.com/en-us/p/berne/4452501-9:0075-14:2058/
BC-SO-085,Hampton corner sofa with adjustable back and lounging unit,sofas,"$11,690.00","Beige, Yellow, Brown, Green, White, Red, Blue, Dark Gray, Gray, Black",BoConcept_catalog/sofas/Hampton_corner_sofa_with_adjustable_back_and_lounging_unit.jpg,https://www.boconcept.com/en-us/p/hampton/441av00-10:441_sofaleg_1-14:2063-17:6-21:5/
BC-SO-086,Carlton sofa,sofas,"$7,199.00","Beige, Yellow, Brown, Green, White, Red, Blue, Dark Gray, Gray, Black",BoConcept_catalog/sofas/Carlton_sofa.jpg,https://www.boconcept.com/en-us/p/carlton/417ad42-10:40104200_1-14:2257/
BC-SO-087,Carmo ottoman,sofas,"$2,149.00","Beige, Yellow, Brown, Green, White, Red, Blue, Dark Gray, Gray, Black",BoConcept_catalog/sofas/Carmo_ottoman.jpg,https://www.boconcept.com/en-us/p/carmo/4120300-2:383-10:416_sofaleg_1-14:3091/
BC-SO-088,"Hampton sofa with adjustable back, resting unit and storage both sides",sofas,"$10,990.00","Beige, Yellow, Brown, Green, White, Red, Blue, Dark Gray, Gray, Black",BoConcept_catalog/sofas/Hampton_sofa_with_adjustable_back_resting_unit_and_storage_both_sides.jpg,https://www.boconcept.com/en-us/p/hampton/441bf00-3:6-10:441_sofaleg_1-14:2257-17:6-21:4/
BC-SO-089,"Nawabari 3 seater, low leg",sofas,"$4,149.00","Beige, Yellow, Brown, Green, White, Red, Blue, Dark Gray, Gray, Black",BoConcept_catalog/sofas/Nawabari_3_seater_low_leg.jpg,https://www.boconcept.com/en-us/p/nawabari/4473001-9:447_leg_low-14:3221/
BC-SO-090,Milano 3-seater divided,sofas,"$7,359.00","Beige, Yellow, Brown, Green, White, Red, Blue, Dark Gray, Gray, Black",BoConcept_catalog/sofas/Milano_3_seater_divided.jpg,https://www.boconcept.com/en-us/p/milano/480aa00-14:3331/
BC-SO-091,Zürich corner sofa with lounging unit,sofas,"$9,869.00","Beige, Yellow, Brown, Green, White, Red, Blue, Dark Gray, Gray, Black",BoConcept_catalog/sofas/Zürich_corner_sofa_with_lounging_unit.jpg,https://www.boconcept.com/en-us/p/zürich/442ak00-9:0075-14:3091-21:4/
BC-SO-092,Carmo 2-seater sofa,sofas,"$3,599.00","Beige, Yellow, Brown, Green, White, Red, Blue, Dark Gray, Gray, Black",BoConcept_catalog/sofas/Carmo_2_seater_sofa.jpg,https://www.boconcept.com/en-us/p/carmo/4122001-10:416_sofaleg_1-14:2063/
BC-SO-093,Salamanca 2-seater sofa,sofas,"$7,489.00","Beige, Yellow, Brown, Green, White, Red, Blue, Dark Gray",BoConcept_catalog/sofas/Salamanca_2_seater_sofa.jpg,https://www.boconcept.com/en-us/p/salamanca/448aa00-10:448_sofaleg_0075-14:3091/
BC-SO-094,Indivi ottoman,sofas,"$1,059.00","Beige, Yellow, Brown, Green, White, Red, Blue, Dark Gray, Gray, Black",BoConcept_catalog/sofas/Indivi_ottoman.jpg,https://www.boconcept.com/en-us/p/indivi/422be00-2:395-10:422_sofaleg_high_0708-14:2063/
BC-SO-095,Salamanca 4-seater sofa,sofas,"$10,890.00","Beige, Yellow, Brown, Green, White, Red, Blue, Dark Gray",BoConcept_catalog/sofas/Salamanca_4_seater_sofa.jpg,https://www.boconcept.com/en-us/p/salamanca/448ac00-10:448_sofaleg_0075-14:3201/
BC-SO-096,Carlton sofa,sofas,"$4,199.00","Beige, Yellow, Brown, Green, White, Red, Blue, Dark Gray, Gray, Black",BoConcept_catalog/sofas/Carlton_sofa.jpg,https://www.boconcept.com/en-us/p/carlton/417ac42-10:40104200_1-14:3221/
BC-SO-097,"Nawabari 2 seater, low leg",sofas,"$5,099.00","Beige, Yellow, Brown, Green, White, Red, Blue, Dark Gray, Gray, Black",BoConcept_catalog/sofas/Nawabari_2_seater_low_leg.jpg,https://www.boconcept.com/en-us/p/nawabari/4472001-9:447_leg_low-14:3211/
BC-SO-098,Hampton sofa with adjustable back and resting unit left side,sofas,"$10,690.00","Beige, Yellow, Brown, Green, White, Red, Blue, Dark Gray, Gray, Black",BoConcept_catalog/sofas/Hampton_sofa_with_adjustable_back_and_resting_unit_left_side.jpg,https://www.boconcept.com/en-us/p/hampton/441ba00-10:441_sofaleg_1-14:2250-17:6-21:4/
BC-SO-099,Salamanca pouf small,sofas,"$1,749.00","Beige, Yellow, Brown, Green, White, Red, Blue, Dark Gray",BoConcept_catalog/sofas/Salamanca_pouf_small.jpg,https://www.boconcept.com/en-us/p/salamanca/4480100-10:448_sofaleg_0075-14:3097/
BC-SO-100,Bergamo deco cushions,sofas,$229.00,"Beige, Yellow, Brown, Green, White, Red, Blue, Dark Gray, Gray, Black",BoConcept_catalog/sofas/Bergamo_deco_cushions.jpg,https://www.boconcept.com/en-us/p/bergamo/4439000-14:3090/
BC-SO-101,Carlton sofa with resting unit,sofas,"$10,290.00","Beige, Yellow, Brown, Green, White, Red, Blue, Dark Gray, Gray, Black",BoConcept_catalog/sofas/Carlton_sofa_with_resting_unit.jpg,https://www.boconcept.com/en-us/p/carlton/417ae42-10:40104200_1-14:2252-21:4/
BC-SO-102,Hampton sofa with adjustable back,sofas,"$6,569.00","Beige, Yellow, Brown, Green, White, Red, Blue, Dark Gray, Gray, Black",BoConcept_catalog/sofas/Hampton_sofa_with_adjustable_back.jpg,https://www.boconcept.com/en-us/p/hampton/4412501-10:441_sofaleg_1-14:2250/
BC-SO-103,Hampton corner sofa with adjustable back and storage,sofas,"$10,390.00","Beige, Yellow, Brown, Green, White, Red, Blue, Dark Gray, Gray, Black",BoConcept_catalog/sofas/Hampton_corner_sofa_with_adjustable_back_and_storage.jpg,https://www.boconcept.com/en-us/p/hampton/441ap00-10:441_sofaleg_1-14:3063-21:4/
BC-SO-104,"Salamanca open end, left",sofas,"$6,149.00","Beige, Yellow, Brown, Green, White, Red, Blue, Dark Gray",BoConcept_catalog/sofas/Salamanca_open_end_left.jpg,https://www.boconcept.com/en-us/p/salamanca/4488000-10:448_sofaleg_0075-14:3097-21:4/
BC-SO-105,"Osaka sofa with resting unit, tufted seat",sofas,"$7,569.00","Beige, Yellow, Brown, Green, White, Red, Blue, Dark Gray, Gray, Black",BoConcept_catalog/sofas/Osaka_sofa_with_resting_unit_tufted_seat.jpg,https://www.boconcept.com/en-us/p/osaka/433av22-10:40104220_3-14:5145-21:4/
BC-SO-106,Milano 2.5-seater sofa,sofas,"$6,399.00","Beige, Yellow, Brown, Green, White, Red, Blue, Dark Gray, Gray, Black",BoConcept_catalog/sofas/Milano_25_seater_sofa.jpg,https://www.boconcept.com/en-us/p/milano/4802501-14:3331/
BC-SO-107,Taylor ottoman,sofas,"$1,749.00","Beige, Yellow, Brown, Green, White, Red, Blue, Dark Gray, Gray, Black",BoConcept_catalog/sofas/Taylor_ottoman.jpg,https://www.boconcept.com/en-us/p/taylor/4990510-14:3143/
BC-SO-108,Salamanca sofa with resting unit,sofas,"$9,889.00","Beige, Yellow, Brown, Green, White, Red, Blue, Dark Gray",BoConcept_catalog/sofas/Salamanca_sofa_with_resting_unit.jpg,https://www.boconcept.com/en-us/p/salamanca/448aq00-10:448_sofaleg_0075-14:2063/
BC-SO-109,Carlton sofa with lounging units,sofas,"$8,059.00","Beige, Yellow, Brown, Green, White, Red, Blue, Dark Gray, Gray, Black",BoConcept_catalog/sofas/Carlton_sofa_with_lounging_units.jpg,https://www.boconcept.com/en-us/p/carlton/417ao42-10:40104200_1-14:3221-21:4/
BC-SO-110,Carmo 2.5-seater sofa,sofas,"$3,759.00","Beige, Yellow, Brown, Green, White, Red, Blue, Dark Gray, Gray, Black",BoConcept_catalog/sofas/Carmo_25_seater_sofa.jpg,https://www.boconcept.com/en-us/p/carmo/4122502-10:416_sofaleg_1-14:2063-21:4/
BC-SO-111,Zürich 2 seater,sofas,"$4,169.00","Beige, Yellow, Brown, Green, White, Red, Blue, Dark Gray, Gray, Black",BoConcept_catalog/sofas/Zürich_2_seater.jpg,https://www.boconcept.com/en-us/p/zürich/4422001-9:0075-14:2063/
BC-SO-112,Hampton sofa with adjustable back and storage on the right side,sofas,"$9,239.00","Beige, Yellow, Brown, Green, White, Red, Blue, Dark Gray, Gray, Black",BoConcept_catalog/sofas/Hampton_sofa_with_adjustable_back_and_storage_on_the_right_side.jpg,https://www.boconcept.com/en-us/p/hampton/441ac00-3:5-10:441_sofaleg_1-14:2257/
BC-SO-113,Salamanca cushion,sofas,$299.00,"Beige, Yellow, Brown, Green, White, Red, Blue, Dark Gray",BoConcept_catalog/sofas/Salamanca_cushion.jpg,https://www.boconcept.com/en-us/p/salamanca/4489010-14:2063/
BC-SO-114,Carmo corner module,sofas,"$4,099.00","Beige, Yellow, Brown, Green, White, Red, Blue, Dark Gray, Gray, Black",BoConcept_catalog/sofas/Carmo_corner_module.jpg,https://www.boconcept.com/en-us/p/carmo/4126000-10:416_sofaleg_1-14:5150/
BC-SO-115,Zürich corner sofa with lounging unit,sofas,"$5,699.00","Beige, Yellow, Brown, Green, White, Red, Blue, Dark Gray, Gray, Black",BoConcept_catalog/sofas/Zürich_corner_sofa_with_lounging_unit.jpg,https://www.boconcept.com/en-us/p/zürich/442ah00-9:0075-14:2110-21:5/
BC-SO-116,"Salamanca open end, right",sofas,"$6,149.00","Beige, Yellow, Brown, Green, White, Red, Blue, Dark Gray",BoConcept_catalog/sofas/Salamanca_open_end_right.jpg,https://www.boconcept.com/en-us/p/salamanca/4488500-10:448_sofaleg_0075-14:2063-21:5/
BC-SO-117,"Carmo 1-seater, no armrests",sofas,"$2,399.00","Beige, Yellow, Brown, Green, White, Red, Blue, Dark Gray, Gray, Black",BoConcept_catalog/sofas/Carmo_1_seater_no_armrests.jpg,https://www.boconcept.com/en-us/p/carmo/4121250-10:416_sofaleg_1-14:2063/
BC-SO-118,Amsterdam cushion,sofas,$399.00,"Beige, Yellow, Brown, Green, White, Red, Blue, Dark Gray, Gray, Black",BoConcept_catalog/sofas/Amsterdam_cushion.jpg,https://www.boconcept.com/en-us/p/amsterdam/4359000-14:3032/
BC-SO-119,Carlton sofa,sofas,"$5,259.00","Beige, Yellow, Brown, Green, White, Red, Blue, Dark Gray, Gray, Black",BoConcept_catalog/sofas/Carlton_sofa.jpg,https://www.boconcept.com/en-us/p/carlton/417ab42-10:40104200_1-14:2063/
BC-SO-120,Hampton corner sofa with adjustable back and storage on left side,sofas,"$15,990.00","Beige, Yellow, Brown, Green, White, Red, Blue, Dark Gray, Gray, Black",BoConcept_catalog/sofas/Hampton_corner_sofa_with_adjustable_back_and_storage_on_left_side.jpg,https://www.boconcept.com/en-us/p/hampton/441an00-3:4-10:441_sofaleg_1-14:2255-21:4/
BC-SO-121,"Salamanca 1.5-seater, left arm",sofas,"$5,349.00","Beige, Yellow, Brown, Green, White, Red, Blue, Dark Gray",BoConcept_catalog/sofas/Salamanca_15_seater_left_arm.jpg,https://www.boconcept.com/en-us/p/salamanca/4481502-10:448_sofaleg_0075-14:2063-21:4/
BC-SO-122,Carmo 2-seater sofa,sofas,"$3,359.00","Beige, Yellow, Brown, Green, White, Red, Blue, Dark Gray, Gray, Black",BoConcept_catalog/sofas/Carmo_2_seater_sofa.jpg,https://www.boconcept.com/en-us/p/carmo/4122002-10:416_sofaleg_1-14:2063/
BC-SO-123,Carmo sofa with open end,sofas,"$2,699.00","Beige, Yellow, Brown, Green, White, Red, Blue, Dark Gray, Gray, Black",BoConcept_catalog/sofas/Carmo_sofa_with_open_end.jpg,https://www.boconcept.com/en-us/p/carmo/4125000-10:416_sofaleg_1-14:2063-21:4/
BC-SO-124,Bergamo chaise longue sofa with storage,sofas,"$9,689.00","Beige, Yellow, Brown, Green, White, Red, Blue, Dark Gray, Gray, Black",BoConcept_catalog/sofas/Bergamo_chaise_longue_sofa_with_storage.jpg,https://www.boconcept.com/en-us/p/bergamo/443bb00-14:3202-21:4/
BC-SO-125,Bergamo stand alone pouf,sofas,"$2,049.00","Beige, Yellow, Brown, Green, White, Red, Blue, Dark Gray, Gray, Black",BoConcept_catalog/sofas/Bergamo_stand_alone_pouf.jpg,https://www.boconcept.com/en-us/p/bergamo/4430200-14:2063/
BC-SO-126,Southampton pouf on wheels with storage,sofas,"$2,319.00","Beige, Yellow, Brown, Green, White, Red, Blue, Dark Gray, Gray, Black",BoConcept_catalog/sofas/Southampton_pouf_on_wheels_with_storage.jpg,https://www.boconcept.com/en-us/p/southampton/4990540-14:2063/
BC-SO-127,Bergamo sofa with lounging unit,sofas,"$8,249.00","Beige, Yellow, Brown, Green, White, Red, Blue, Dark Gray, Gray, Black",BoConcept_catalog/sofas/Bergamo_sofa_with_lounging_unit.jpg,https://www.boconcept.com/en-us/p/bergamo/443ac00-14:2063-21:5/
BC-SO-128,Hampton corner sofa with adjustable back,sofas,"$15,790.00","Beige, Yellow, Brown, Green, White, Red, Blue, Dark Gray, Gray, Black",BoConcept_catalog/sofas/Hampton_corner_sofa_with_adjustable_back.jpg,https://www.boconcept.com/en-us/p/hampton/441al00-10:441_sofaleg_1-14:2257-21:4/
BC-SO-129,Carmo chaise longue left,sofas,"$3,479.00","Beige, Yellow, Brown, Green, White, Red, Blue, Dark Gray, Gray, Black",BoConcept_catalog/sofas/Carmo_chaise_longue_left.jpg,https://www.boconcept.com/en-us/p/carmo/4124302-10:416_sofaleg_1-14:2063-21:4/
BC-SO-130,Hampton sofa with adjustable back and storage on the right side,sofas,"$5,999.00","Beige, Yellow, Brown, Green, White, Red, Blue, Dark Gray, Gray, Black",BoConcept_catalog/sofas/Hampton_sofa_with_adjustable_back_and_storage_on_the_right_side.jpg,https://www.boconcept.com/en-us/p/hampton/4412511-3:5-10:441_sofaleg_1-14:2063/
BC-SO-131,Zürich corner sofa with lounging unit,sofas,"$9,299.00","Beige, Yellow, Brown, Green, White, Red, Blue, Dark Gray, Gray, Black",BoConcept_catalog/sofas/Zürich_corner_sofa_with_lounging_unit.jpg,https://www.boconcept.com/en-us/p/zürich/442ai00-9:0075-14:2065-21:4/
BC-SO-132,Bergamo chaise longue sofa,sofas,"$7,899.00","Beige, Yellow, Brown, Green, White, Red, Blue, Dark Gray, Gray, Black",BoConcept_catalog/sofas/Bergamo_chaise_longue_sofa.jpg,https://www.boconcept.com/en-us/p/bergamo/443bh00-14:3202-21:5/
BC-SO-133,Milano 2-seater sofa,sofas,"$5,249.00","Beige, Yellow, Brown, Green, White, Red, Blue, Dark Gray, Gray, Black",BoConcept_catalog/sofas/Milano_2_seater_sofa.jpg,https://www.boconcept.com/en-us/p/milano/4802001-14:2063/
BC-SO-134,"Salamanca chaise longue, left arm",sofas,"$4,549.00","Beige, Yellow, Brown, Green, White, Red, Blue, Dark Gray",BoConcept_catalog/sofas/Salamanca_chaise_longue_left_arm.jpg,https://www.boconcept.com/en-us/p/salamanca/4484002-10:448_sofaleg_0075-14:2063-21:4/
BC-SO-135,Carmo armchair,sofas,"$2,669.00","Beige, Yellow, Brown, Green, White, Red, Blue, Dark Gray, Gray, Black",BoConcept_catalog/sofas/Carmo_armchair.jpg,https://www.boconcept.com/en-us/p/carmo/4121253-10:416_sofaleg_1-14:2063/
BC-SO-136,"Hampton sofa with adjustable back and lounging unit right side, storage and armrest left side",sofas,"$7,989.00","Beige, Yellow, Brown, Green, White, Red, Blue, Dark Gray, Gray, Black",BoConcept_catalog/sofas/Hampton_sofa_with_adjustable_back_and_lounging_unit_right_side_storage_and_armrest_left_side.jpg,https://www.boconcept.com/en-us/p/hampton/4412712-3:4-10:441_sofaleg_1-14:2255-17:6-21:5/
BC-SO-137,Hampton pouf with storage left and right sides,sofas,"$2,569.00","Beige, Yellow, Brown, Green, White, Red, Blue, Dark Gray, Gray, Black",BoConcept_catalog/sofas/Hampton_pouf_with_storage_left_and_right_sides.jpg,https://www.boconcept.com/en-us/p/hampton/4410110-9:0165-14:2255/
BC-SO-138,Zürich ottoman,sofas,"$1,769.00","Beige, Yellow, Brown, Green, White, Red, Blue, Dark Gray, Gray, Black",BoConcept_catalog/sofas/Zürich_ottoman.jpg,https://www.boconcept.com/en-us/p/zürich/4420100-9:0075-14:3091/
BC-SO-139,"Hampton sofa with adjustable back and lounging unit left side, armrest right",sofas,"$7,449.00","Beige, Yellow, Brown, Green, White, Red, Blue, Dark Gray, Gray, Black",BoConcept_catalog/sofas/Hampton_sofa_with_adjustable_back_and_lounging_unit_left_side_armrest_right.jpg,https://www.boconcept.com/en-us/p/hampton/4412703-10:441_sofaleg_1-14:2250-17:6-21:4/
BC-SO-140,Hampton sofa with adjustable back and storage on the right side,sofas,"$3,899.00","Beige, Yellow, Brown, Green, White, Red, Blue, Dark Gray, Gray, Black",BoConcept_catalog/sofas/Hampton_sofa_with_adjustable_back_and_storage_on_the_right_side.jpg,https://www.boconcept.com/en-us/p/hampton/4412011-3:5-10:441_sofaleg_1-14:3063/
BC-SO-141,"Carmo open end, angled, right",sofas,"$7,799.00","Beige, Yellow, Brown, Green, White, Red, Blue, Dark Gray, Gray, Black",BoConcept_catalog/sofas/Carmo_open_end_angled_right.jpg,https://www.boconcept.com/en-us/p/carmo/4128000-10:416_sofaleg_1-14:2063-21:5/
BC-SO-142,Milano ottoman,sofas,"$2,549.00","Beige, Yellow, Brown, Green, White, Red, Blue, Dark Gray, Gray, Black",BoConcept_catalog/sofas/Milano_ottoman.jpg,https://www.boconcept.com/en-us/p/milano/4800100-14:3331/
BC-SO-143,Carlton ottoman,sofas,"$2,559.00","Beige, Yellow, Brown, Green, White, Red, Blue, Dark Gray, Gray, Black",BoConcept_catalog/sofas/Carlton_ottoman.jpg,https://www.boconcept.com/en-us/p/carlton/417aa42-10:40104200_1-14:2255/
BC-SO-144,Hampton sofa with adjustable back,sofas,"$5,769.00","Beige, Yellow, Brown, Green, White, Red, Blue, Dark Gray, Gray, Black",BoConcept_catalog/sofas/Hampton_sofa_with_adjustable_back.jpg,https://www.boconcept.com/en-us/p/hampton/441aa00-10:441_sofaleg_1-14:3063-21:4/
BC-SO-145,"Carmo 1-seater, no armrests",sofas,"$2,269.00","Beige, Yellow, Brown, Green, White, Red, Blue, Dark Gray, Gray, Black",BoConcept_catalog/sofas/Carmo_1_seater_no_armrests.jpg,https://www.boconcept.com/en-us/p/carmo/4121000-10:416_sofaleg_1-14:2063/
BC-SO-146,"Salamanca chaise longue, right arm",sofas,"$4,549.00","Beige, Yellow, Brown, Green, White, Red, Blue, Dark Gray",BoConcept_catalog/sofas/Salamanca_chaise_longue_right_arm.jpg,https://www.boconcept.com/en-us/p/salamanca/4484003-10:448_sofaleg_0075-14:2063-21:5/
BC-SO-147,Indivi headrest,sofas,$519.00,"Beige, Yellow, Brown, Green, White, Red, Blue, Dark Gray, Gray, Black",BoConcept_catalog/sofas/Indivi_headrest.jpg,https://www.boconcept.com/en-us/p/indivi/4229022-14:2063/
BC-SO-148,Hampton sofa with adjustable back,sofas,"$3,699.00","Beige, Yellow, Brown, Green, White, Red, Blue, Dark Gray, Gray, Black",BoConcept_catalog/sofas/Hampton_sofa_with_adjustable_back.jpg,https://www.boconcept.com/en-us/p/hampton/4412001-10:441_sofaleg_1-14:3063/
BC-SO-149,Milano 4-seater,sofas,"$9,199.00","Beige, Yellow, Brown, Green, White, Red, Blue, Dark Gray, Gray, Black",BoConcept_catalog/sofas/Designer_Sofas.jpg,https://www.boconcept.com/en-us/p/milano/480ad00-14:2063/
BC-SO-150,Hampton corner sofa with adjustable back and storage on left side,sofas,"$13,290.00","Beige, Yellow, Brown, Green, White, Red, Blue, Dark Gray, Gray, Black",BoConcept_catalog/sofas/Designer_Sofas.jpg,https://www.boconcept.com/en-us/p/hampton/441ax00-3:4-10:441_sofaleg_1-14:2257-17:6-21:5/
BC-SO-151,Indivi headrest,sofas,$489.00,"Beige, Yellow, Brown, Green, White, Red, Blue, Dark Gray, Gray, Black",BoConcept_catalog/sofas/Indivi_headrest.jpg,https://www.boconcept.com/en-us/p/indivi/4229021-14:2063/
BC-SO-152,Hampton pouf on wheels,sofas,"$2,499.00","Beige, Yellow, Brown, Green, White, Red, Blue, Dark Gray, Gray, Black",BoConcept_catalog/sofas/Designer_Sofas.jpg,https://www.boconcept.com/en-us/p/hampton/4410200-9:0137-14:2257/
BC-SO-153,Milano sofa cushion,sofas,$319.00,"Beige, Yellow, Brown, Green, White, Red, Blue, Dark Gray, Gray, Black",BoConcept_catalog/sofas/Milano_sofa_cushion.jpg,https://www.boconcept.com/en-us/p/milano/4809000-14:3331/
BC-SO-154,Xtra footstool with sleeping function,sofas,$899.00,"Beige, Yellow, Brown, Green, White, Red, Blue, Dark Gray",BoConcept_catalog/sofas/Xtra_footstool_with_sleeping_function.jpg,https://www.boconcept.com/en-us/p/xtra/650603031-14:3230/
BC-SO-155,headrest,sofas,$549.00,"Beige, Yellow, Brown, Green, White, Red, Blue, Dark Gray, Gray, Black",BoConcept_catalog/sofas/headrest.jpg,https://www.boconcept.com/en-us/p/sofa-accessories/4989022-2:295-14:2253/
BC-CH-001,Hamilton chair,chairs,$299.00,"Beige, Yellow, Brown, Green, White, Red, Blue, Dark Gray, Gray, Black",BoConcept_catalog/chairs/Hamilton_chair.jpg,https://www.boconcept.com/en-us/p/hamilton/402d194-9:0075-11:0137/
BC-CH-002,Hauge dining chair,chairs,$349.00,"Beige, Yellow, Brown, Green, White, Red, Blue, Dark Gray, Gray, Black",BoConcept_catalog/chairs/Hauge_dining_chair.jpg,https://www.boconcept.com/en-us/p/hauge/402d174-9:0708-11:0136/
BC-CH-003,Seoul dining chair,chairs,$899.00,"Beige, Yellow, Brown, Green, White, Red, Blue, Dark Gray, Gray, Black",BoConcept_catalog/chairs/Seoul_dining_chair.jpg,https://www.boconcept.com/en-us/p/seoul/402d201-9:0055s-11:0055/
BC-CH-004,Imola armchair with swivel function,chairs,"$7,599.00","Beige, Yellow, Brown, Green, White, Red, Blue, Dark Gray, Gray, Black",BoConcept_catalog/chairs/Imola_armchair_with_swivel_function.jpg,https://www.boconcept.com/en-us/p/imola/cl002-9:0094-14:5152/
BC-CH-005,Imola footstool,chairs,"$3,049.00","Beige, Yellow, Brown, Green, White, Red, Blue, Dark Gray, Gray, Black",BoConcept_catalog/chairs/Imola_footstool.jpg,https://www.boconcept.com/en-us/p/imola/cl004-9:0094-14:5150/
BC-CH-006,Terni chair,chairs,"$1,869.00","Beige, Yellow, Brown, Green, White, Red, Blue, Dark Gray, Gray, Black",BoConcept_catalog/chairs/Terni_chair.jpg,https://www.boconcept.com/en-us/p/terni/4061550-9:00750702-14:3200/
BC-CH-007,Ø lounge chair,chairs,"$5,019.00","Beige, Yellow, Brown, Green, White, Red, Blue, Dark Gray",BoConcept_catalog/chairs/Ø_lounge_chair.jpg,https://www.boconcept.com/en-us/p/ø/4061600-14:3321/
BC-CH-008,"Nawabari ottoman, small",chairs,$899.00,"Beige, Yellow, Brown, Green, White, Red, Blue, Dark Gray, Gray, Black",BoConcept_catalog/chairs/Nawabari_ottoman_small.jpg,https://www.boconcept.com/en-us/p/nawabari/4470100-2:352-14:3224/
BC-CH-009,Ottawa dining chair,chairs,$499.00,"Beige, Yellow, Brown, Green, White, Red, Blue, Dark Gray, Gray, Black",BoConcept_catalog/chairs/Ottawa_dining_chair.jpg,https://www.boconcept.com/en-us/p/ottawa/402d033-9:0075-11:0136/
BC-CH-010,Princeton chair,chairs,$499.00,"Beige, Yellow, Brown, Green, White, Red, Blue, Dark Gray, Gray, Black",BoConcept_catalog/chairs/Princeton_chair.jpg,https://www.boconcept.com/en-us/p/princeton/402d171-9:0128-14:3230/
BC-CH-011,Modena armchair,chairs,"$2,049.00","Beige, Yellow, Brown, Green, White, Red, Blue, Dark Gray, Gray, Black",BoConcept_catalog/chairs/Modena_armchair.jpg,https://www.boconcept.com/en-us/p/modena/4391001-9:0075-14:3091/
BC-CH-012,Charlotte armchair,chairs,"$1,999.00","Beige, Yellow, Brown, Green, White, Red, Blue, Dark Gray, Gray, Black",BoConcept_catalog/chairs/Charlotte_armchair.jpg,https://www.boconcept.com/en-us/p/charlotte/4061490-9:0110-14:3230/
BC-CH-013,Adelaide barstool,chairs,$359.00,"Beige, Yellow, Brown, Green, White, Red, Blue, Dark Gray, Gray, Black",BoConcept_catalog/chairs/Adelaide_barstool.jpg,https://www.boconcept.com/en-us/p/adelaide/402b028-2:388-9:0075-11:0137/
BC-CH-014,Veneto armchair with swivel function,chairs,"$2,499.00","Beige, Yellow, Brown, Green, White, Red, Blue, Dark Gray, Gray, Black",BoConcept_catalog/chairs/Veneto_armchair_with_swivel_function.jpg,https://www.boconcept.com/en-us/p/veneto/c790012-9:0092-14:2063/
BC-CH-015,Adelaide office chair,chairs,"$1,349.00","Beige, Yellow, Brown, Green, White, Red, Blue, Dark Gray, Gray, Black",BoConcept_catalog/chairs/Adelaide_office_chair.jpg,https://www.boconcept.com/en-us/p/adelaide/402d185-9:0075-14:2063/
BC-CH-016,Eden ottoman,chairs,$899.00,"Beige, Yellow, Brown, Green, White, Red, Blue, Dark Gray, Gray, Black",BoConcept_catalog/chairs/Eden_ottoman.jpg,https://www.boconcept.com/en-us/p/eden/4989060-2:206-14:2063/
BC-CH-017,Adelaide chair,chairs,$299.00,"Beige, Yellow, Brown, Green, White, Red, Blue, Dark Gray, Gray, Black",BoConcept_catalog/chairs/Adelaide_chair.jpg,https://www.boconcept.com/en-us/p/adelaide/402d205-9:0728-11:0137/
BC-CH-018,Hamilton office chair,chairs,$649.00,"Beige, Yellow, Brown, Green, White, Red, Blue, Dark Gray, Gray, Black",BoConcept_catalog/chairs/Hamilton_office_chair.jpg,https://www.boconcept.com/en-us/p/hamilton/402d198-9:0075-11:0137/
BC-CH-019,Seoul dining chair,chairs,$999.00,"Beige, Yellow, Brown, Green, White, Red, Blue, Dark Gray, Gray, Black",BoConcept_catalog/chairs/Seoul_dining_chair.jpg,https://www.boconcept.com/en-us/p/seoul/402d200-9:0708s-14:3230/
BC-CH-020,Hamilton chair,chairs,$549.00,"Beige, Yellow, Brown, Green, White, Red, Blue, Dark Gray, Gray, Black",BoConcept_catalog/chairs/Hamilton_chair.jpg,https://www.boconcept.com/en-us/p/hamilton/402d195-9:0075-14:3153/
BC-CH-021,Porto recliner with swivel function,chairs,"$8,949.00","Beige, Yellow, Brown, Green, White, Red, Blue, Dark Gray, Gray, Black",BoConcept_catalog/chairs/Porto_recliner_with_swivel_function.jpg,https://www.boconcept.com/en-us/p/porto/4061470-3:15-9:0075-14:5152/
BC-CH-022,Princeton barstool,chairs,$899.00,"Beige, Yellow, Brown, Green, White, Red, Blue, Dark Gray, Gray, Black",BoConcept_catalog/chairs/Princeton_barstool.jpg,https://www.boconcept.com/en-us/p/princeton/402b021-2:308-9:0075-14:2063/
BC-CH-021,Hauge barstool,chairs,$749.00,"Beige, Yellow, Brown, Green, White, Red, Blue, Dark Gray, Gray, Black",BoConcept_catalog/chairs/Hauge_barstool.jpg,https://www.boconcept.com/en-us/p/hauge/402b026-2:368-9:0702-14:2063/
BC-CH-022,Bolzano armchair,chairs,"$3,899.00","Beige, Yellow, Brown, Green, White, Red, Blue, Dark Gray",BoConcept_catalog/chairs/Bolzano_armchair.jpg,https://www.boconcept.com/en-us/p/bolzano/4461001-14:3091/
BC-CH-023,London large bench with cushion,chairs,$999.00,"Beige, Yellow, Brown, Green, White, Red, Blue, Dark Gray, Gray, Black",BoConcept_catalog/chairs/London_large_bench_with_cushion.jpg,https://www.boconcept.com/en-us/p/london/370b011-2:140-3:8-9:0075-14:3030/
BC-CH-024,Sweet Art armchair with swivel function,chairs,"$4,399.00","Beige, Yellow, Brown, Green, White, Red, Blue, Dark Gray",BoConcept_catalog/chairs/Sweet_Art_armchair_with_swivel_function.jpg,https://www.boconcept.com/en-us/p/sweet-art/4061560-14:2063/
BC-CH-025,Sweet Art ottoman,chairs,"$1,349.00","Beige, Yellow, Brown, Green, White, Red, Blue, Dark Gray",BoConcept_catalog/chairs/Sweet_Art_ottoman.jpg,https://www.boconcept.com/en-us/p/sweet-art/4989070-14:2063/
BC-CH-026,Vienna dining chair,chairs,$999.00,"Beige, Yellow, Brown, Green, White, Red, Blue, Dark Gray, Gray, Black",BoConcept_catalog/chairs/Vienna_dining_chair.jpg,https://www.boconcept.com/en-us/p/vienna/402d105-9:0075-14:2063/
BC-CH-027,Nawabari armchair,chairs,"$3,149.00","Beige, Yellow, Brown, Green, White, Red, Blue, Dark Gray, Gray, Black",BoConcept_catalog/chairs/Nawabari_armchair.jpg,https://www.boconcept.com/en-us/p/nawabari/4471001-9:447_leg_low-14:3212/
BC-CH-028,Bolzano bench,chairs,"$2,449.00","Beige, Yellow, Brown, Green, White, Red, Blue, Dark Gray",BoConcept_catalog/chairs/Bolzano_bench.jpg,https://www.boconcept.com/en-us/p/bolzano/3791200-14:3320/
BC-CH-029,Princeton armchair,chairs,"$2,249.00","Beige, Yellow, Brown, Green, White, Red, Blue, Dark Gray, Gray, Black",BoConcept_catalog/chairs/Princeton_armchair.jpg,https://www.boconcept.com/en-us/p/princeton/4061520-9:0075-14:3220/
BC-CH-030,Tilburg ottoman,chairs,"$1,259.00","Beige, Yellow, Brown, Green, White, Red, Blue, Dark Gray, Gray, Black",BoConcept_catalog/chairs/Tilburg_ottoman.jpg,https://www.boconcept.com/en-us/p/tilburg/4061545-9:0075-14:2063/
BC-CH-031,Osaka armchair,chairs,"$4,539.00","Beige, Yellow, Brown, Green, White, Red, Blue, Dark Gray, Gray, Black",BoConcept_catalog/chairs/Osaka_armchair.jpg,https://www.boconcept.com/en-us/p/osaka/433ca22-9:0129-14:5145/
BC-CH-032,Berne armchair,chairs,"$2,319.00","Beige, Yellow, Brown, Green, White, Red, Blue, Dark Gray, Gray, Black",BoConcept_catalog/chairs/Berne_armchair.jpg,https://www.boconcept.com/en-us/p/berne/4451001-9:0075-14:2058/
BC-CH-033,Osaka armchair,chairs,"$4,539.00","Beige, Yellow, Brown, Green, White, Red, Blue, Dark Gray, Gray, Black",BoConcept_catalog/chairs/Osaka_armchair.jpg,https://www.boconcept.com/en-us/p/osaka/433aa22-9:0129-14:5145/
BC-CH-034,Veneto chair with swivel function,chairs,"$2,369.00","Beige, Yellow, Brown, Green, White, Red, Blue, Dark Gray, Gray, Black",BoConcept_catalog/chairs/Veneto_chair_with_swivel_function.jpg,https://www.boconcept.com/en-us/p/veneto/c790015-9:0094-14:2063/
BC-CH-035,Adelaide armchair,chairs,"$2,969.00","Beige, Yellow, Brown, Green, White, Red, Blue, Dark Gray, Gray, Black",BoConcept_catalog/chairs/Adelaide_armchair.jpg,https://www.boconcept.com/en-us/p/adelaide/4061410-9:0110-14:3220/
BC-CH-036,Adelaide armchair,chairs,"$1,139.00","Beige, Blue, Yellow, Dark Gray, Green, Red, Brown, White, Black, Gray",BoConcept_catalog/chairs/Adelaide_armchair.jpg,https://www.boconcept.com/en-us/p/adelaide/402d085-9:0110-14:2063/
BC-CH-037,Designer chairs,chairs,"$1,449.00","Beige, Yellow, Brown, Green, White, Red, Blue, Dark Gray, Gray, Black",BoConcept_catalog/chairs/Designer_chairs.jpg,https://www.boconcept.com/en-us/p/princeton/402d172-9:0075-14:3165/
BC-CH-038,Adelaide footstool,chairs,$639.00,"Beige, Yellow, Brown, Green, White, Red, Blue, Dark Gray, Gray, Black",BoConcept_catalog/chairs/Adelaide_footstool.jpg,https://www.boconcept.com/en-us/p/adelaide/4061390-9:0110-14:3220/
BC-CH-039,Hauge barstool,chairs,$499.00,"Beige, Yellow, Brown, Green, White, Red, Blue, Dark Gray, Gray, Black",BoConcept_catalog/chairs/Hauge_barstool.jpg,https://www.boconcept.com/en-us/p/hauge/402b024-2:372-9:0702-11:0137/
BC-CH-040,Adelaide dining chair with swivel function,chairs,$749.00,"Beige, Yellow, Brown, Green, White, Red, Blue, Dark Gray, Gray, Black",BoConcept_catalog/chairs/Adelaide_dining_chair_with_swivel_function.jpg,https://www.boconcept.com/en-us/p/adelaide/402d111-9:0022-11:0136/
BC-CH-041,Hamilton dining chair with swivel function,chairs,$599.00,"Beige, Yellow, Brown, Green, White, Red, Blue, Dark Gray, Gray, Black",BoConcept_catalog/chairs/Hamilton_dining_chair_with_swivel_function.jpg,https://www.boconcept.com/en-us/p/hamilton/402d192-9:0128-11:0135/
BC-CH-042,Adelaide armchair,chairs,$589.00,"Beige, Yellow, Brown, Green, White, Red, Blue, Dark Gray, Gray, Black",BoConcept_catalog/chairs/Adelaide_armchair.jpg,https://www.boconcept.com/en-us/p/adelaide/402d083-9:0110-11:0136/
BC-LA-001,Globe original,lamps,$70.00,Standard finish,BoConcept_catalog/lamps/Globe_original.jpg,https://www.boconcept.com/en-us/p/globe/104_11032150/
BC-LA-002,Curious floor lamp,lamps,$689.00,Standard finish,BoConcept_catalog/lamps/Curious_floor_lamp.jpg,https://www.boconcept.com/en-us/p/curious/105_30000760-8:168/
BC-LA-003,Stockholm table lamp,lamps,"$1,219.00",Standard finish,BoConcept_catalog/lamps/Stockholm_table_lamp.jpg,https://www.boconcept.com/en-us/p/stockholm/105_00001370-2:144-8:167/
BC-LA-004,Ball pendant,lamps,$499.00,Standard finish,BoConcept_catalog/lamps/Ball_pendant.jpg,https://www.boconcept.com/en-us/p/ball/105_60001880-2:127-8:81/
BC-LA-005,Curious table lamp,lamps,$519.00,Standard finish,BoConcept_catalog/lamps/Curious_table_lamp.jpg,https://www.boconcept.com/en-us/p/curious/105_00001390-8:168/
BC-LA-006,Stockholm pendant,lamps,"$1,149.00",Standard finish,BoConcept_catalog/lamps/Stockholm_pendant.jpg,https://www.boconcept.com/en-us/p/stockholm/105_60002240-2:299-8:167/
BC-LA-007,Ripple pendant,lamps,"$1,199.00",Standard finish,BoConcept_catalog/lamps/Ripple_pendant.jpg,https://www.boconcept.com/en-us/p/ripple/105_00001520/
BC-LA-008,Kip floor lamp,lamps,"$1,099.00",Standard finish,BoConcept_catalog/lamps/Kip_floor_lamp.jpg,https://www.boconcept.com/en-us/p/kip/105_30000730-8:81/
BC-BE-001,"Element bed, bed-mounted headboard, with slats, excl. mattress",beds,"$2,149.00","Beige, Yellow, Brown, Green, White, Red, Blue, Dark Gray, Gray, Black",BoConcept_catalog/beds/Element_bed_bed_mounted_headboard_with_slats_excl_mattress.jpg,https://www.boconcept.com/en-us/p/element/379cn00-3:25-4:0708-16:12/
BC-BE-002,"Element bed, wall-mounted headboard, with slats, excl. mattress",beds,"$1,999.00","Beige, Yellow, Brown, Green, White, Red, Blue, Dark Gray, Gray, Black",BoConcept_catalog/beds/Element_bed_wall_mounted_headboard_with_slats_excl_mattress.jpg,https://www.boconcept.com/en-us/p/element/379cd00-3:25-4:0708-16:12/
BC-BE-003,"Element bed, bed-mounted headboard, with slats and storage solution, excl. mattress",beds,"$4,779.00","Beige, Yellow, Brown, Green, White, Red, Blue, Dark Gray, Gray, Black",BoConcept_catalog/beds/Element_bed_bed_mounted_headboard_with_slats_and_storage_solution_excl_mattress.jpg,https://www.boconcept.com/en-us/p/element/379jb00-3:26-9:0702-14:3091-16:12/
BC-BE-004,Bolzano bed with slats  - 140x200 cm,beds,"$6,099.00","Beige, Yellow, Brown, Green, White, Red, Blue, Dark Gray, Gray, Black",BoConcept_catalog/beds/Bolzano_bed_with_slats_140x200_cm.jpg,https://www.boconcept.com/en-us/p/bolzano/3790840-14:3320-16:12-20:2/
BC-BE-005,"Lugano storage bed with lift-up frame and slats, excl. mattress",beds,"$3,969.00","Beige, Yellow, Brown, Green, White, Red, Blue, Dark Gray, Gray, Black",BoConcept_catalog/beds/Lugano_storage_bed_with_lift_up_frame_and_slats_excl_mattress.jpg,https://www.boconcept.com/en-us/p/lugano/378ciw9-5:0115-9:0008-14:2065-16:93-20:2/
BC-BE-006,Bolzano bed  - W140xL200cm,beds,"$5,899.00","Beige, Yellow, Brown, Green, White, Red, Blue, Dark Gray, Gray, Black",BoConcept_catalog/beds/Bolzano_bed_W140xL200cm.jpg,https://www.boconcept.com/en-us/p/bolzano/3791340-14:3320-16:12-20:1/
BC-BE-007,"Element bed, bed-mounted headboard, with slats, excl. mattress",beds,"$3,699.00","Beige, Yellow, Brown, Green, White, Red, Blue, Dark Gray, Gray, Black",BoConcept_catalog/beds/Element_bed_bed_mounted_headboard_with_slats_excl_mattress.jpg,https://www.boconcept.com/en-us/p/element/379fn00-3:25-9:0702-14:3310-16:12/
BC-BE-008,"Element bed, wall-mounted headboard, with slats, excl. mattress",beds,"$3,249.00","Beige, Yellow, Brown, Green, White, Red, Blue, Dark Gray, Gray, Black",BoConcept_catalog/beds/Element_bed_wall_mounted_headboard_with_slats_excl_mattress.jpg,https://www.boconcept.com/en-us/p/element/379fa00-3:25-9:0708-14:3310-16:390/
BC-TA-001,Kingston extendable dining table,tables,"$1,599.00","Beige, Yellow, Brown, Green, White, Red, Blue, Dark Gray, Gray, Black",BoConcept_catalog/tables/Kingston_extendable_dining_table.jpg,https://www.boconcept.com/en-us/p/kingston/370t078-2:309-9:0128-13:0115/
BC-TA-002,Santiago dining table,tables,"$6,099.00","Beige, Yellow, Brown, Green, White, Red, Blue, Dark Gray, Gray, Black",BoConcept_catalog/tables/Santiago_dining_table.jpg,https://www.boconcept.com/en-us/p/santiago/3705480-2:328-9:0702-13:0715/
BC-TA-003,Santiago coffee table,tables,"$1,299.00","Beige, Yellow, Brown, Green, White, Red, Blue, Dark Gray, Gray, Black",BoConcept_catalog/tables/Santiago_coffee_table.jpg,https://www.boconcept.com/en-us/p/santiago/370ad42-2:121-9:0702-13:0702/
BC-TA-004,Santiago extendable dining table,tables,"$3,999.00","Beige, Yellow, Brown, Green, White, Red, Blue, Dark Gray, Gray, Black",BoConcept_catalog/tables/Santiago_extendable_dining_table.jpg,https://www.boconcept.com/en-us/p/santiago/3706930-9:0708-13:0708/
BC-TA-005,Bornholm coffee table,tables,$449.00,"Beige, Yellow, Brown, Green, White, Red, Blue, Dark Gray, Gray, Black",BoConcept_catalog/tables/Bornholm_coffee_table.jpg,https://www.boconcept.com/en-us/p/bornholm/370ad49-2:360-9:0708-13:0708/
BC-TA-006,Alicante extendable dining table,tables,"$3,299.00","Beige, Yellow, Brown, Green, White, Red, Blue, Dark Gray, Gray, Black",BoConcept_catalog/tables/Alicante_extendable_dining_table.jpg,https://www.boconcept.com/en-us/p/alicante/370t084-2:263-9:0022-13:0115/
BC-TA-007,Cupertino desk,tables,"$3,249.00","Beige, Yellow, Brown, Green, White, Red, Blue, Dark Gray, Gray, Black",BoConcept_catalog/tables/Cupertino_desk.jpg,https://www.boconcept.com/en-us/p/cupertino/370t047-9:00750702-13:07020207/
BC-TA-008,Hauge dining table,tables,"$3,149.00","Beige, Yellow, Brown, Green, White, Red, Blue, Dark Gray, Gray, Black",BoConcept_catalog/tables/Hauge_dining_table.jpg,https://www.boconcept.com/en-us/p/hauge/3705400-2:280-9:0702-13:07020702/
BC-TA-009,Kingston office desk,tables,"$1,199.00","Beige, Yellow, Brown, Green, White, Red, Blue, Dark Gray, Gray, Black",BoConcept_catalog/tables/Kingston_office_desk.jpg,https://www.boconcept.com/en-us/p/kingston/3705700-2:287-9:0128-13:0115/
BC-TA-010,Expose side table,tables,$589.00,"Beige, Yellow, Brown, Green, White, Red, Blue, Dark Gray, Gray, Black",BoConcept_catalog/tables/Expose_side_table.jpg,https://www.boconcept.com/en-us/p/expose/104_11033600-1:6-2:261/
BC-TA-011,Bornholm dining table,tables,"$1,049.00","Beige, Yellow, Brown, Green, White, Red, Blue, Dark Gray, Gray, Black",BoConcept_catalog/tables/Bornholm_dining_table.jpg,https://www.boconcept.com/en-us/p/bornholm/370t088-2:363-9:0702-13:0702/
BC-TA-012,Terracina coffee table,tables,"$1,999.00","Beige, Yellow, Brown, Green, White, Red, Blue, Dark Gray, Gray, Black",BoConcept_catalog/tables/Terracina_coffee_table.jpg,https://www.boconcept.com/en-us/p/terracina/3707020-2:339-4:0721/
BC-TA-013,Aarhus side table,tables,$799.00,"Beige, Yellow, Brown, Green, White, Red, Blue, Dark Gray, Gray, Black",BoConcept_catalog/tables/Aarhus_side_table.jpg,https://www.boconcept.com/en-us/p/aarhus/3707190-2:397-4:0708/
BC-TA-014,Cupertino desk,tables,"$1,749.00","Beige, Yellow, Brown, Green, White, Red, Blue, Dark Gray, Gray, Black",BoConcept_catalog/tables/Cupertino_desk.jpg,https://www.boconcept.com/en-us/p/cupertino/370t035-2:62-9:00750702-13:07020207/
BC-TA-015,Ottawa side table,tables,$399.00,"Beige, Yellow, Brown, Green, White, Red, Blue, Dark Gray, Gray, Black",BoConcept_catalog/tables/Ottawa_side_table.jpg,https://www.boconcept.com/en-us/p/ottawa/3701660-9:0075-13:0075/
BC-TA-016,Billund round dining table,tables,"$1,399.00","Beige, Yellow, Brown, Green, White, Red, Blue, Dark Gray, Gray, Black",BoConcept_catalog/tables/Billund_round_dining_table.jpg,https://www.boconcept.com/en-us/p/billund/3704300-2:71-9:00220708-13:0115/
BC-TA-017,Chiva functional coffee table with storage,tables,"$2,799.00","Beige, Yellow, Brown, Green, White, Red, Blue, Dark Gray, Gray, Black",BoConcept_catalog/tables/Chiva_functional_coffee_table_with_storage.jpg,https://www.boconcept.com/en-us/p/chiva/370ad37-2:215-9:0094-13:01670008/
BC-TA-018,Augusta extendable dining table,tables,"$6,199.00","Beige, Yellow, Brown, Green, White, Red, Blue, Dark Gray, Gray, Black",BoConcept_catalog/tables/Augusta_extendable_dining_table.jpg,https://www.boconcept.com/en-us/p/augusta/3705170-2:195-9:0075-13:0192/
BC-TA-019,Ottawa extendable dining table,tables,"$4,349.00","Beige, Yellow, Brown, Green, White, Red, Blue, Dark Gray, Gray, Black",BoConcept_catalog/tables/Ottawa_extendable_dining_table.jpg,https://www.boconcept.com/en-us/p/ottawa/370ov03-2:38-9:0075-13:0702/
BC-TA-020,Nawabari coffee table,tables,"$1,489.00","Beige, Yellow, Brown, Green, White, Red, Blue, Dark Gray, Gray, Black",BoConcept_catalog/tables/Nawabari_coffee_table.jpg,https://www.boconcept.com/en-us/p/nawabari/370ad44-2:318-9:0075-13:0167/
BC-TA-020,Torino conference/dining table,tables,"$1,049.00","Beige, Yellow, Brown, Green, White, Red, Blue, Dark Gray, Gray, Black",BoConcept_catalog/tables/Torino_conferencedining_table.jpg,https://www.boconcept.com/en-us/p/torino/370t038-2:43-9:0022-13:0115/
BC-TA-021,Madrid side table,tables,"$1,199.00","Beige, Yellow, Brown, Green, White, Red, Blue, Dark Gray, Gray, Black",BoConcept_catalog/tables/Madrid_side_table.jpg,https://www.boconcept.com/en-us/p/madrid/370ad38-2:293-9:0022-13:0167/
BC-TA-022,Madrid side table,tables,$769.00,"Beige, Yellow, Brown, Green, White, Red, Blue, Dark Gray, Gray, Black",BoConcept_catalog/tables/Madrid_side_table.jpg,https://www.boconcept.com/en-us/p/madrid/370ad39-2:293-9:0075-13:0702/
BC-TA-023,Torino conference/dining table,tables,"$3,389.00","Beige, Yellow, Brown, Green, White, Red, Blue, Dark Gray, Gray, Black",BoConcept_catalog/tables/Torino_conferencedining_table.jpg,https://www.boconcept.com/en-us/p/torino/370t056-2:77-9:0075-13:0023/
BC-TA-024,Torino conference table with cable tray,tables,"$4,089.00","Beige, Yellow, Brown, Green, White, Red, Blue, Dark Gray, Gray, Black",BoConcept_catalog/tables/Torino_conference_table_with_cable_tray.jpg,https://www.boconcept.com/en-us/p/torino/370t052-2:77-9:0075-13:0023/
BC-TA-025,Torino bar table/high table,tables,"$1,269.00","Beige, Yellow, Brown, Green, White, Red, Blue, Dark Gray, Gray, Black",BoConcept_catalog/tables/Torino_bar_tablehigh_table.jpg,https://www.boconcept.com/en-us/p/torino/370su02-2:171-9:0022-13:0115/
BC-TA-026,Cancún Café table,tables,$799.00,"Beige, Yellow, Brown, Green, White, Red, Blue, Dark Gray, Gray, Black",BoConcept_catalog/tables/Cancún_Café_table.jpg,https://www.boconcept.com/en-us/p/cancún/3000660-2:335-4:0128/
BC-TA-027,Torino conference/dining table,tables,$699.00,"Beige, Yellow, Brown, Green, White, Red, Blue, Dark Gray, Gray, Black",BoConcept_catalog/tables/Torino_conferencedining_table.jpg,https://www.boconcept.com/en-us/p/torino/370t044-9:0115-13:0022/
BC-TA-028,Torino bar table,tables,$799.00,"Beige, Yellow, Brown, Green, White, Red, Blue, Dark Gray, Gray, Black",BoConcept_catalog/tables/Torino_bar_table.jpg,https://www.boconcept.com/en-us/p/torino/370t046-9:0022-13:0115/
BC-RU-001,Simple rug,rugs,"$1,099.00",Standard finish,BoConcept_catalog/rugs/Simple_rug.jpg,https://www.boconcept.com/en-us/p/simple/136_170x240-1:52-2:10-18:5/
BC-RU-002,Designer rugs,rugs,"$1,099.00",Standard finish,BoConcept_catalog/rugs/Designer_rugs.jpg,https://www.boconcept.com/en-us/p/ridge/152_170x240-1:48-2:10-18:5/
BC-RU-003,Serge rug,rugs,"$2,399.00",Standard finish,BoConcept_catalog/rugs/Serge_rug.jpg,https://www.boconcept.com/en-us/p/serge/160_170x240-1:11-2:10/
BC-RU-004,Sweet Art rug,rugs,"$2,249.00",Standard finish,BoConcept_catalog/rugs/Sweet_Art_rug.jpg,https://www.boconcept.com/en-us/p/sweet-art/166_250-1:126-2:175-18:4/
BC-RU-005,Loom rug,rugs,"$1,099.00",Standard finish,BoConcept_catalog/rugs/Loom_rug.jpg,https://www.boconcept.com/en-us/p/loom/135_170x240-1:75-2:10-18:5/
BC-RU-006,Tide rug,rugs,"$1,599.00",Standard finish,BoConcept_catalog/rugs/Tide_rug.jpg,https://www.boconcept.com/en-us/p/tide/145_170x240-1:102-2:10-18:5/
BC-RU-007,Dimas rug,rugs,"$1,449.00",Standard finish,BoConcept_catalog/rugs/Dimas_rug.jpg,https://www.boconcept.com/en-us/p/dimas/20_150-1:11-2:3-18:4/
BC-RU-008,Furrow rug,rugs,$949.00,Standard finish,BoConcept_catalog/rugs/Furrow_rug.jpg,https://www.boconcept.com/en-us/p/furrow/150_150-1:7-2:3-18:4/
BC-RU-009,form rug,rugs,"$1,749.00",Standard finish,BoConcept_catalog/rugs/form_rug.jpg,https://www.boconcept.com/en-us/p/form/155_170x240-1:59-2:10-18:5/
BC-RU-010,Flora 7 rug,rugs,"$3,199.00",Standard finish,BoConcept_catalog/rugs/Flora_7_rug.jpg,https://www.boconcept.com/en-us/p/flora-7/167_200x300-1:8-2:9-18:5/
BC-RU-011,Movement rug,rugs,$799.00,Standard finish,BoConcept_catalog/rugs/Movement_rug.jpg,https://www.boconcept.com/en-us/p/movement/141_170x240-1:32-2:10-18:5/
BC-RU-012,Scandinavia rug,rugs,"$1,299.00",Standard finish,BoConcept_catalog/rugs/Scandinavia_rug.jpg,https://www.boconcept.com/en-us/p/scandinavia/137_170x240-1:7-2:10-18:5/
BC-RU-013,Arena rug,rugs,"$1,299.00",Standard finish,BoConcept_catalog/rugs/Arena_rug.jpg,https://www.boconcept.com/en-us/p/arena/164_160x175-1:9-2:344-18:4/
BC-RU-014,Cosmo rug,rugs,"$1,449.00",Standard finish,BoConcept_catalog/rugs/Cosmo_rug.jpg,https://www.boconcept.com/en-us/p/cosmo/162_170x240-1:11-2:10-18:5/
BC-RU-015,Structure rug,rugs,$799.00,Standard finish,BoConcept_catalog/rugs/Structure_rug.jpg,https://www.boconcept.com/en-us/p/structure/156_150-1:117-2:3-18:4/
BC-RU-016,Moments rug,rugs,"$1,749.00",Standard finish,BoConcept_catalog/rugs/Moments_rug.jpg,https://www.boconcept.com/en-us/p/moments/163_170x240-1:132-2:10-18:5/
BC-RU-017,Lure rug,rugs,"$1,099.00",Standard finish,BoConcept_catalog/rugs/Lure_rug.jpg,https://www.boconcept.com/en-us/p/lure/157_230-1:7-2:5-18:4/
BC-RU-018,Fiona rug,rugs,$799.00,Standard finish,BoConcept_catalog/rugs/Fiona_rug.jpg,https://www.boconcept.com/en-us/p/fiona/165_150-1:134-2:3-18:4/
BC-RU-019,Whirlwind rug,rugs,"$1,749.00",Standard finish,BoConcept_catalog/rugs/Whirlwind_rug.jpg,https://www.boconcept.com/en-us/p/whirlwind/146_170x240-1:103-2:10-18:5/
BC-RU-020,Passage rug,rugs,"$1,449.00",Standard finish,BoConcept_catalog/rugs/Passage_rug.jpg,https://www.boconcept.com/en-us/p/passage/161_170x240-1:7-2:10-18:5/
BC-RU-021,Random rug,rugs,"$2,549.00",Standard finish,BoConcept_catalog/rugs/Random_rug.jpg,https://www.boconcept.com/en-us/p/random/61_170x240-1:7-2:10-18:5/
